"Spirits","mp3","mp3","751","2017-08-22 13:17:07.345","false","false","true","true","false","true","o1"
"She","mp3","mp3","266","2017-08-22 13:17:07.346","false","false","true","true","false","false","o2"
"NO-MAN","mp3","mp3","606","2017-08-22 13:17:07.346","false","false","true","true","false","false","o3"
"Changes","mp3","mp3","1759","2017-08-22 13:17:07.346","false","false","true","true","false","false","o4"
"Mid Air","wma","wma","861","2017-08-22 13:17:07.346","false","false","true","true","false","false","o5"
"Lullaby","wma","wma","1082","2017-08-22 13:17:07.346","false","false","true","true","false","true","o6"
"Sing Along","wma","wma","705","2017-08-22 13:17:07.347","false","false","true","true","false","false","o7"
"Can't You See","m4a","m4a","604","2017-08-22 13:17:07.347","false","false","true","true","false","false","o8"
"America","m4a","m4a","213","2017-08-22 13:17:07.347","false","false","true","true","false","false","o9"
"Yellow","m4a","m4a","1321","2017-08-22 13:17:07.347","false","false","true","true","false","false","o10"
"S04-E01","mp4","mp4/TBBT","643","2017-08-22 13:17:07.347","false","false","true","true","false","false","o11"
"S04-E02","mp4","mp4/TBBT","1067","2017-08-22 13:17:07.347","false","false","true","true","false","true","o12"
"S04-E03","mp4","mp4/TBBT","773","2017-08-22 13:17:07.347","false","false","true","true","false","false","o13"
"S04-E04","mp4","mp4/TBBT","1076","2017-08-22 13:17:07.347","false","false","true","true","false","false","o14"
"S04-E05","mp4","mp4/TBBT","993","2017-08-22 13:17:07.347","false","false","true","true","false","false","o15"
"S04-E06","mp4","mp4/TBBT","602","2017-08-22 13:17:07.347","false","false","true","true","false","false","o16"
"S04-E07","mp4","mp4/TBBT","606","2017-08-22 13:17:07.347","false","false","true","true","false","false","o17"
"Digital Monster","mp4","mp4","492","2017-08-22 13:17:07.347","false","false","true","true","false","true","o18"
"Watchmen","mkv","mkv","1763","2017-08-22 13:17:07.348","false","false","true","true","false","false","o19"
"Little Star","wav","wav","1366","2017-08-22 13:17:07.348","false","false","true","true","false","false","o20"
"Lost Stars","wav","wav","681","2017-08-22 13:17:07.348","false","false","true","true","false","false","o21"
"Oceans Deep","wav","wav","1338","2017-08-22 13:17:07.348","false","false","true","true","false","false","o22"
"PrayStation","ogg","ogg","1632","2017-08-22 13:17:07.348","false","false","true","true","false","false","o23"
"Music Box","ogg","ogg","786","2017-08-22 13:17:07.348","false","false","true","true","false","false","o24"
