"Spirits","mp3","","751","2017-08-22 13:17:07.345","false","false","true","true","false","true","i1"
"She","mp3","","266","2017-08-22 13:17:07.346","false","false","true","true","false","false","i2"
"NO-MAN","mp3","","606","2017-08-22 13:17:07.346","false","false","true","true","false","false","i3"
"Changes","mp3","","1759","2017-08-22 13:17:07.346","false","false","true","true","false","false","i4"
"Mid Air","wma","","861","2017-08-22 13:17:07.346","false","false","true","true","false","false","i5"
"Lullaby","wma","","1082","2017-08-22 13:17:07.346","false","false","true","true","false","true","i6"
"Sing Along","wma","","705","2017-08-22 13:17:07.347","false","false","true","true","false","false","i7"
"Can't You See","m4a","","604","2017-08-22 13:17:07.347","false","false","true","true","false","false","i8"
"America","m4a","","213","2017-08-22 13:17:07.347","false","false","true","true","false","false","i9"
"Yellow","m4a","","1321","2017-08-22 13:17:07.347","false","false","true","true","false","false","i10"
"S04-E01","mp4","/TBBT","643","2017-08-22 13:17:07.347","false","false","true","true","false","false","i11"
"S04-E02","mp4","/TBBT","1067","2017-08-22 13:17:07.347","false","false","true","true","false","true","i12"
"S04-E03","mp4","/TBBT","773","2017-08-22 13:17:07.347","false","false","true","true","false","false","i13"
"S04-E04","mp4","/TBBT","1076","2017-08-22 13:17:07.347","false","false","true","true","false","false","i14"
"S04-E05","mp4","/TBBT","993","2017-08-22 13:17:07.347","false","false","true","true","false","false","i15"
"S04-E06","mp4","/TBBT","602","2017-08-22 13:17:07.347","false","false","true","true","false","false","i16"
"S04-E07","mp4","/TBBT","606","2017-08-22 13:17:07.347","false","false","true","true","false","false","i17"
"Digital Monster","mp4","","492","2017-08-22 13:17:07.347","false","false","true","true","false","true","i18"
"Watchmen","mkv","","1763","2017-08-22 13:17:07.348","false","false","true","true","false","false","i19"
"Little Star","wav","","1366","2017-08-22 13:17:07.348","false","false","true","true","false","false","i20"
"Lost Stars","wav","","681","2017-08-22 13:17:07.348","false","false","true","true","false","false","i21"
"Oceans Deep","wav","","1338","2017-08-22 13:17:07.348","false","false","true","true","false","false","i22"
"PrayStation","ogg","","1632","2017-08-22 13:17:07.348","false","false","true","true","false","false","i23"
"Music Box","ogg","","786","2017-08-22 13:17:07.348","false","false","true","true","false","false","i24"
